﻿Week ,Home ,Visitor
Week1,KC,BAL
Week1,PHI,GB
Week1,ATL,PIT
Week1,BUF,ARI
Week1,CHI,TEN
Week1,CIN,NE
Week1,IND,HOU
Week1,MIA,JAX
Week1,NO,CAR
Week1,NYG,MIN
Week1,LAC,LV
Week1,SEA,DEN
Week1,CLE,DAL
Week1,TB,WAS
Week1,DET,LA
Week1,SF,NYJ
Week 2,MIA,BUF
Week 2,BAL,LV
Week 2,CAR,LAC
Week 2,DAL,NO
Week 2,DET,TB
Week 2,GB,IND
Week 2,JAX,CLE
Week 2,MIN,SF
Week 2,NE,SEA
Week 2,TEN,NYJ
Week 2,WAS,NYG
Week 2,ARI,LA
Week 2,DEN,PIT
Week 2,KC,CIN
Week 2,HOU,CHI
Week 2,PHI,ATL
Week 3,NYJ,NE
Week 3,CLE,NYG
Week 3,ATL,KC
Week 3,IND,CHI
Week 3,MIN,HOU
Week 3,NO,PHI
Week 3,PIT,LAC
Week 3,TB,DEN
Week 3,TEN,GB
Week 3,LV,CAR
Week 3,SEA,MIA
Week 3,ARI,DET
Week 3,DAL,BAL
Week 3,LA,SF
Week 3,BUF,JAX
Week 3,CIN,WAS
Week 4,NYG,DAL
Week 4,ATL,NO
Week 4,CAR,CIN
Week 4,CHI,LA
Week 4,GB,MIN
Week 4,HOU,JAX
Week 4,IND,PIT
Week 4,NYJ,DEN
Week 4,TB,PHI
Week 4,ARI,WAS
Week 4,SF,NE
Week 4,LAC,KC
Week 4,LV,CLE
Week 4,BAL,BUF
Week 4,MIA,TEN
Week 4,DET,SEA
Week 5,ATL,TB
Week 5,MIN,NYJ
Week 5,CHI,CAR
Week 5,CIN,BAL
Week 5,HOU,BUF
Week 5,JAX,IND
Week 5,NE,MIA
Week 5,WAS,CLE
Week 5,DEN,LV
Week 5,SF,ARI
Week 5,LA,GB
Week 5,SEA,NYG
Week 5,PIT,DAL
Week 5,KC,NO
Week 6,SEA,SF
Week 6,CHI,JAX
Week 6,BAL,WAS
Week 6,GB,ARI
Week 6,NE,HOU
Week 6,NO,TB
Week 6,PHI,CLE
Week 6,TEN,IND
Week 6,DEN,LAC
Week 6,LV,PIT
Week 6,CAR,ATL
Week 6,DAL,DET
Week 6,NYG,CIN
Week 6,NYJ,BUF
Week 7,NO,DEN
Week 7,JAX,NE
Week 7,ATL,SEA
Week 7,BUF,TEN
Week 7,CLE,CIN
Week 7,GB,HOU
Week 7,IND,MIA
Week 7,MIN,DET
Week 7,NYG,PHI
Week 7,LA,LV
Week 7,WAS,CAR
Week 7,SF,KC
Week 7,PIT,NYJ
Week 7,TB,BAL
Week 7,ARI,LAC
Week 8,LA,MIN
Week 8,CLE,BAL
Week 8,DET,TEN
Week 8,HOU,IND
Week 8,JAX,GB
Week 8,MIA,ARI
Week 8,NE,NYJ
Week 8,TB,ATL
Week 8,CIN,PHI
Week 8,LAC,NO
Week 8,SEA,BUF
Week 8,WAS,CHI
Week 8,DEN,CAR
Week 8,LV,KC
Week 8,SF,DAL
Week 8,PIT,NYG
Week 9,NYJ,HOU
Week 9,ATL,DAL
Week 9,BAL,DEN
Week 9,BUF,MIA
Week 9,CAR,NO
Week 9,CIN,LV
Week 9,CLE,LAC
Week 9,NYG,WAS
Week 9,TEN,NE
Week 9,ARI,CHI
Week 9,PHI,JAX
Week 9,GB,DET
Week 9,SEA,LA
Week 9,MIN,IND
Week 9,KC,TB
Week 10,BAL,CIN
Week 10,CAR,NYG
Week 10,CHI,NE
Week 10,IND,BUF
Week 10,JAX,MIN
Week 10,KC,DEN
Week 10,NO,ATL
Week 10,TB,SF
Week 10,WAS,PIT
Week 10,LAC,TEN
Week 10,ARI,NYJ
Week 10,DAL,PHI
Week 10,HOU,DET
Week 10,LA,MIA
Week 11,PHI,WAS
Week 11,CHI,GB
Week 11,DET,JAX
Week 11,MIA,LV
Week 11,NE,LA
Week 11,NO,CLE
Week 11,PIT,BAL
Week 11,TEN,MIN
Week 11,NYJ,IND
Week 11,DEN,ATL
Week 11,SF,SEA
Week 11,BUF,KC
Week 11,LAC,CIN
Week 11,DAL,HOU
Week 12,CLE,PIT
Week 12,CAR,KC
Week 12,CHI,MIN
Week 12,HOU,TEN
Week 12,IND,DET
Week 12,MIA,NE
Week 12,NYG,TB
Week 12,WAS,DAL
Week 12,LV,DEN
Week 12,GB,SF
Week 12,SEA,ARI
Week 12,LA,PHI
Week 12,LAC,BAL
Week 13,DET,CHI
Week 13,DAL,NYG
Week 13,GB,MIA
Week 13,KC,LV
Week 13,ATL,LAC
Week 13,CIN,PIT
Week 13,JAX,HOU
Week 13,MIN,ARI
Week 13,NE,IND
Week 13,NYJ,SEA
Week 13,WAS,TEN
Week 13,CAR,TB
Week 13,NO,LA
Week 13,BAL,PHI
Week 13,BUF,SF
Week 13,DEN,CLE
Week 14,DET,GB
Week 14,MIA,NYJ
Week 14,MIN,ATL
Week 14,NYG,NO
Week 14,PHI,CAR
Week 14,PIT,CLE
Week 14,TB,LV
Week 14,TEN,JAX
Week 14,ARI,SEA
Week 14,LA,BUF
Week 14,SF,CHI
Week 14,KC,LAC
Week 14,DAL,CIN
Week 15,SF,LA
Week 15,CAR,DAL
Week 15,CLE,KC
Week 15,HOU,MIA
Week 15,JAX,NYJ
Week 15,NO,WAS
Week 15,NYG,BAL
Week 15,TEN,CIN
Week 15,ARI,NE
Week 15,DEN,IND
Week 15,DET,BUF
Week 15,LAC,TB
Week 15,PHI,PIT
Week 15,SEA,GB
Week 15,MIN,CHI
Week 15,LV,ATL
Week 16,LAC,DEN
Week 16,KC,HOU
Week 16,BAL,PIT
Week 16,CIN,CLE
Week 16,ATL,NYG
Week 16,CAR,ARI
Week 16,CHI,DET
Week 16,IND,TEN
Week 16,NYJ,LA
Week 16,WAS,PHI
Week 16,SEA,MIN
Week 16,BUF,NE
Week 16,LV,JAX
Week 16,MIA,SF
Week 16,DAL,TB
Week 16,GB,NO
Week 17,PIT,KC
Week 17,HOU,BAL
Week 17,CHI,SEA
Week 17,NE,LAC
Week 17,CIN,DEN
Week 17,LA,ARI
Week 17,BUF,NYJ
Week 17,JAX,TEN
Week 17,NO,LV
Week 17,TB,CAR
Week 17,NYG,IND
Week 17,PHI,DAL
Week 17,CLE,MIA
Week 17,MIN,GB
Week 17,WAS,ATL
Week 17,SF,DET
Week 18,BAL,CLE
Week 18,PIT,CIN
Week 18,ATL,CAR
Week 18,DAL,WAS
Week 18,GB,CHI
Week 18,IND,JAX
Week 18,NE,BUF
Week 18,PHI,NYG
Week 18,TB,NO
Week 18,TEN,HOU
Week 18,ARI,SF
Week 18,DEN,KC
Week 18,LA,SEA
Week 18,LV,LAC
Week 18,NYJ,MIA
Week 18,DET,MIN
